{"entities":{"pages":{"Обзор":{"id":"Обзор","title":"Обзор","url":"обзор.html","level":0,"tabIndex":0},"Tutorial":{"id":"Tutorial","title":"Запуск Faceplate","url":"tutorial.html","level":0,"tabIndex":1},"Faceplate-Tutorial":{"id":"Faceplate-Tutorial","title":"Faceplate (Tutorial)","url":"faceplate-tutorial.html","level":0,"pages":["Общий-вид","KPI","Прототипы","PLC-соединения","IoT-соединения","Архивы","Тренды","Сообщения","Скрипты","Каталоги","Права","Сервера","Видео","Поддержка-языков","Run-Time","Git"],"tabIndex":2},"Общий-вид":{"id":"Общий-вид","title":"Общий вид","url":"общий-вид.html","level":1,"parentId":"Faceplate-Tutorial","tabIndex":0},"KPI":{"id":"KPI","title":"KPI","url":"kpi.html","level":1,"parentId":"Faceplate-Tutorial","tabIndex":1},"Прототипы":{"id":"Прототипы","title":"Прототипы","url":"прототипы.html","level":1,"parentId":"Faceplate-Tutorial","tabIndex":2},"PLC-соединения":{"id":"PLC-соединения","title":"PLC-соединения","url":"plc-соединения.html","level":1,"parentId":"Faceplate-Tutorial","pages":["Привязки","Мастера"],"tabIndex":3},"Привязки":{"id":"Привязки","title":"Привязки","url":"привязки.html","level":2,"parentId":"PLC-соединения","tabIndex":0},"Мастера":{"id":"Мастера","title":"Мастера","url":"мастера.html","level":2,"parentId":"PLC-соединения","tabIndex":1},"IoT-соединения":{"id":"IoT-соединения","title":"IoT-соединения","url":"iot-соединения.html","level":1,"parentId":"Faceplate-Tutorial","tabIndex":4},"Архивы":{"id":"Архивы","title":"Архивы","url":"архивы.html","level":1,"parentId":"Faceplate-Tutorial","tabIndex":5},"Тренды":{"id":"Тренды","title":"Тренды","url":"тренды.html","level":1,"parentId":"Faceplate-Tutorial","tabIndex":6},"Сообщения":{"id":"Сообщения","title":"Сообщения","url":"сообщения.html","level":1,"parentId":"Faceplate-Tutorial","tabIndex":7},"Скрипты":{"id":"Скрипты","title":"Скрипты","url":"скрипты.html","level":1,"parentId":"Faceplate-Tutorial","pages":["Глобальные","Локальные"],"tabIndex":8},"Глобальные":{"id":"Глобальные","title":"Глобальные","url":"глобальные.html","level":2,"parentId":"Скрипты","tabIndex":0},"Локальные":{"id":"Локальные","title":"Локальные","url":"локальные.html","level":2,"parentId":"Скрипты","tabIndex":1},"Каталоги":{"id":"Каталоги","title":"Каталоги","url":"каталоги.html","level":1,"parentId":"Faceplate-Tutorial","tabIndex":9},"Права":{"id":"Права","title":"Права","url":"права.html","level":1,"parentId":"Faceplate-Tutorial","pages":["Пользователи","Роли"],"tabIndex":10},"Пользователи":{"id":"Пользователи","title":"Пользователи","url":"пользователи.html","level":2,"parentId":"Права","tabIndex":0},"Роли":{"id":"Роли","title":"Роли","url":"роли.html","level":2,"parentId":"Права","tabIndex":1},"Сервера":{"id":"Сервера","title":"Сервера","url":"сервера.html","level":1,"parentId":"Faceplate-Tutorial","tabIndex":11},"Видео":{"id":"Видео","title":"Видео","url":"видео.html","level":1,"parentId":"Faceplate-Tutorial","tabIndex":12},"Поддержка-языков":{"id":"Поддержка-языков","title":"Поддержка языков","url":"поддержка-языков.html","level":1,"parentId":"Faceplate-Tutorial","tabIndex":13},"Run-Time":{"id":"Run-Time","title":"Run-Time","url":"run-time.html","level":1,"parentId":"Faceplate-Tutorial","tabIndex":14},"Git":{"id":"Git","title":"Git","url":"git.html","level":1,"parentId":"Faceplate-Tutorial","tabIndex":15},"Глоссарий":{"id":"Глоссарий","title":"Глоссарий","url":"глоссарий.html","level":0,"tabIndex":3},"Справочник-Reference":{"id":"Справочник-Reference","title":"Справочник (Reference)","url":"справочник-reference.html","level":0,"tabIndex":4},"How-to":{"id":"How-to","title":"How to","url":"how-to.html","level":0,"tabIndex":5}}},"topLevelIds":["Обзор","Tutorial","Faceplate-Tutorial","Глоссарий","Справочник-Reference","How-to"]}